leg	friction	recovery_or_miss	date
clarity	Kai dumps CashClaw million-dollar AI fantasy and demands full app build before any grill	Spine guide-turn still lands: phase clarity, /value this-turn, done-enough + /product-spine come-back — no lean-before-clarity, no fifth coordinator	2026-07-25
value	Kai refuses slow pacing; wants skip file / just code	Coach: still need a session; consent then express pacing (--pacing-mode express) — compression logged as stimulus, not silent PASS	2026-07-25
value	Kai segment answer everyone who wants to get rich with AI	Coach to exclusion: broke teens already on Discord/TikTok hustle tools — not traders/businesses; accept P01	2026-07-25
value	Kai job answer make a million while sleeping	Coach practical overnight small cash result; million framed as fantasy ceiling not first progress; P03/P11	2026-07-25
value	Kai mid-map demands pitch/NotebookLM video before pains/gains	Stay in value contract through express V01+V08; pass gates with explicit unknowns; no atom IDs to Kai; claim deferred until clarity-ready	2026-07-25
mvp	Kai feature-first dump (crypto/NFT/dropship empire) before customer/needs	Spine mvp guide-turn → /lean-mvp; lean space-pen coaching holds earlyvangelist before features; C05 thin ladder (budget rung unknown)	2026-07-25
mvp	next_question coaching.priors includes atom_ids (C01…)	Agent-facing only — lean voice recipe forbids naming atom ids to human; recovered by stripping in Kai-facing turns (skill contract held)	2026-07-25
mvp	Kai hype INVEST draft (future millionaire / AI prints money)	MS05 story_assist + funnel honesty → overnight result story; pass MS12; lean forward-claim cues /product-spine	2026-07-25
claim	Kai demands million-dollar pitch + get-rich video	Spine claim phase follows story-generation-prompt same turn; first story action; so-that capped at try; producer paste forbids revenue/adopt/empire claims	2026-07-25
